nom,email,secteur
SVD-GESTION,contact@svd-gestion.com,Tech_Numerique
Aplim,contact@aplim.fr,Tech_Numerique
La ligne ROUGE,hello@rougerouge.fr,Tech_Numerique
KWIXEO,contact@kwixeo.fr,Tech_Numerique
I M Media,contact@im-media.fr,Tech_Numerique
Idl Data,infos@idl-data.com,Tech_Numerique
Kavalog,contact@aexae.fr,Tech_Numerique
CURATOR STUDiO,contact@curatorstudio.com,Tech_Numerique
Charonne Buro,contact@charonneburo.com,Tech_Numerique
QPM,contact@qpm-pro.com,Tech_Numerique
Free2move Paris,press@free2move.com,Tech_Numerique
Doctor-Responsive,contact@doctor-responsive.fr,Tech_Numerique
DATA LEAD,hfedji@data-lead.fr,Tech_Numerique
Chèque intermittents,contact@cheque-intermittents.com,Tech_Numerique
Mapaye,contact@mapaye.fr,Tech_Numerique
VJ Consult,info@vjconsult.net,Tech_Numerique
GROUPE RECCI,ctondini@recci.fr,Tech_Numerique
Atriom,atriom@atriom.fr,Tech_Numerique
Epicom,andria@epicom.fr,Tech_Numerique
ARIUM CONSULTING,accueil@arium.fr,Tech_Numerique
PHONE 94,info@phone94.com,Tech_Numerique
Lulu dans ma rue,contact@luludansmarue.org,Tech_Numerique